Position,Name + ID,Name,ID,Roster Position,Salary,Game Info,TeamAbbrev,AvgPointsPerGame
RB,Jonathan Taylor (40392332),Jonathan Taylor,40392332,RB/FLEX,8800,IND@LAC 10/19/2025 04:05PM ET,IND,25.67
RB,De'Von Achane (40392334),De'Von Achane,40392334,RB/FLEX,8100,MIA@CLE 10/19/2025 01:00PM ET,MIA,21.08
RB,Josh Jacobs (40392336),Josh Jacobs,40392336,RB/FLEX,7800,GB@ARI 10/19/2025 04:25PM ET,GB,20.9
RB,Saquon Barkley (40392338),Saquon Barkley,40392338,RB/FLEX,7700,PHI@MIN 10/19/2025 01:00PM ET,PHI,14.87
WR,Justin Jefferson (40392576),Justin Jefferson,40392576,WR/FLEX,7600,PHI@MIN 10/19/2025 01:00PM ET,MIN,17.26
WR,CeeDee Lamb (40392578),CeeDee Lamb,40392578,WR/FLEX,7500,WAS@DAL 10/19/2025 04:25PM ET,DAL,14.73
WR,George Pickens (40392580),George Pickens,40392580,WR/FLEX,7300,WAS@DAL 10/19/2025 04:25PM ET,DAL,21.08
QB,Patrick Mahomes (40392267),Patrick Mahomes,40392267,QB,7000,LV@KC 10/19/2025 01:00PM ET,KC,25.29
RB,Ashton Jeanty (40392340),Ashton Jeanty,40392340,RB/FLEX,7000,LV@KC 10/19/2025 01:00PM ET,LV,15.95
QB,Jayden Daniels (40392268),Jayden Daniels,40392268,QB,6900,WAS@DAL 10/19/2025 04:25PM ET,WAS,20.15
RB,Rico Dowdle (40392342),Rico Dowdle,40392342,RB/FLEX,6800,CAR@NYJ 10/19/2025 01:00PM ET,CAR,15.6
QB,Jalen Hurts (40392269),Jalen Hurts,40392269,QB,6700,PHI@MIN 10/19/2025 01:00PM ET,PHI,21.06
RB,Javonte Williams (40392344),Javonte Williams,40392344,RB/FLEX,6700,WAS@DAL 10/19/2025 04:25PM ET,DAL,19.32
WR,Rome Odunze (40392582),Rome Odunze,40392582,WR/FLEX,6600,NO@CHI 10/19/2025 01:00PM ET,CHI,17.56
WR,Garrett Wilson (40392584),Garrett Wilson,40392584,WR/FLEX,6500,CAR@NYJ 10/19/2025 01:00PM ET,NYJ,16.58
RB,Cam Skattebo (40392346),Cam Skattebo,40392346,RB/FLEX,6500,NYG@DEN 10/19/2025 04:05PM ET,NYG,16.72
QB,Dak Prescott (40392270),Dak Prescott,40392270,QB,6500,WAS@DAL 10/19/2025 04:25PM ET,DAL,22.10
WR,Tetairoa McMillan (40392586),Tetairoa McMillan,40392586,WR/FLEX,6400,CAR@NYJ 10/19/2025 01:00PM ET,CAR,13.33
QB,Justin Herbert (40392271),Justin Herbert,40392271,QB,6400,IND@LAC 10/19/2025 04:05PM ET,LAC,19.70
WR,Jaylen Waddle (40392588),Jaylen Waddle,40392588,WR/FLEX,6300,MIA@CLE 10/19/2025 01:00PM ET,MIA,14.89
RB,Breece Hall (40392348),Breece Hall,40392348,RB/FLEX,6300,CAR@NYJ 10/19/2025 01:00PM ET,NYJ,13
QB,Drake Maye (40392272),Drake Maye,40392272,QB,6300,NE@TEN 10/19/2025 01:00PM ET,NE,21.15
RB,Jordan Mason (40392350),Jordan Mason,40392350,RB/FLEX,6200,PHI@MIN 10/19/2025 01:00PM ET,MIN,12.94
QB,Jordan Love (40392273),Jordan Love,40392273,QB,6200,GB@ARI 10/19/2025 04:25PM ET,GB,19.03
WR,Deebo Samuel Sr. (40392590),Deebo Samuel Sr.,40392590,WR/FLEX,6200,WAS@DAL 10/19/2025 04:25PM ET,WAS,15.67
WR,Xavier Worthy (40392592),Xavier Worthy,40392592,WR/FLEX,6100,LV@KC 10/19/2025 01:00PM ET,KC,9.7
RB,Jacory Croskey-Merritt (40392352),Jacory Croskey-Merritt,40392352,RB/FLEX,6100,WAS@DAL 10/19/2025 04:25PM ET,WAS,11.92
RB,Quinshon Judkins (40392354),Quinshon Judkins,40392354,RB/FLEX,6000,MIA@CLE 10/19/2025 01:00PM ET,CLE,13.7
QB,Daniel Jones (40392274),Daniel Jones,40392274,QB,6000,IND@LAC 10/19/2025 04:05PM ET,IND,20.61
WR,Ladd McConkey (40392594),Ladd McConkey,40392594,WR/FLEX,6000,IND@LAC 10/19/2025 04:05PM ET,LAC,12.38
RB,Alvin Kamara (40392356),Alvin Kamara,40392356,RB/FLEX,5900,NO@CHI 10/19/2025 01:00PM ET,NO,11.77
WR,Courtland Sutton (40392598),Courtland Sutton,40392598,WR/FLEX,5900,NYG@DEN 10/19/2025 04:05PM ET,DEN,14.37
WR,Quentin Johnston (40392596),Quentin Johnston,40392596,WR/FLEX,5900,IND@LAC 10/19/2025 04:05PM ET,LAC,17.48
QB,Caleb Williams (40392275),Caleb Williams,40392275,QB,5800,NO@CHI 10/19/2025 01:00PM ET,CHI,20.79
WR,A.J. Brown (40392602),A.J. Brown,40392602,WR/FLEX,5800,PHI@MIN 10/19/2025 01:00PM ET,PHI,10.23
RB,Chuba Hubbard (40392358),Chuba Hubbard,40392358,RB/FLEX,5800,CAR@NYJ 10/19/2025 01:00PM ET,CAR,14.02
WR,Terry McLaurin (40392600),Terry McLaurin,40392600,WR/FLEX,5800,WAS@DAL 10/19/2025 04:25PM ET,WAS,8.3
RB,D'Andre Swift (40392360),D'Andre Swift,40392360,RB/FLEX,5700,NO@CHI 10/19/2025 01:00PM ET,CHI,15.94
WR,DeVonta Smith (40392604),DeVonta Smith,40392604,WR/FLEX,5700,PHI@MIN 10/19/2025 01:00PM ET,PHI,11.68
QB,Justin Fields (40392276),Justin Fields,40392276,QB,5700,CAR@NYJ 10/19/2025 01:00PM ET,NYJ,18.69
TE,Trey McBride (40392958),Trey McBride,40392958,TE/FLEX,5700,GB@ARI 10/19/2025 04:25PM ET,ARI,13.95
WR,Rashee Rice (40392606),Rashee Rice,40392606,WR/FLEX,5600,LV@KC 10/19/2025 01:00PM ET,KC,0
WR,Stefon Diggs (40392608),Stefon Diggs,40392608,WR/FLEX,5600,NE@TEN 10/19/2025 01:00PM ET,NE,12.78
QB,Bo Nix (40392277),Bo Nix,40392277,QB,5600,NYG@DEN 10/19/2025 04:05PM ET,DEN,17.58
RB,J.K. Dobbins (40392362),J.K. Dobbins,40392362,RB/FLEX,5600,NYG@DEN 10/19/2025 04:05PM ET,DEN,13.25
WR,Jakobi Meyers (40392612),Jakobi Meyers,40392612,WR/FLEX,5500,LV@KC 10/19/2025 01:00PM ET,LV,10.32
RB,Kimani Vidal (40392364),Kimani Vidal,40392364,RB/FLEX,5500,IND@LAC 10/19/2025 04:05PM ET,LAC,9.57
WR,Keenan Allen (40392610),Keenan Allen,40392610,WR/FLEX,5500,IND@LAC 10/19/2025 04:05PM ET,LAC,13.77
QB,Kyler Murray (40392278),Kyler Murray,40392278,QB,5500,GB@ARI 10/19/2025 04:25PM ET,ARI,16.36
TE,Jake Ferguson (40392960),Jake Ferguson,40392960,TE/FLEX,5500,WAS@DAL 10/19/2025 04:25PM ET,DAL,16.42
WR,Chris Olave (40392614),Chris Olave,40392614,WR/FLEX,5400,NO@CHI 10/19/2025 01:00PM ET,NO,13.03
RB,Tony Pollard (40392366),Tony Pollard,40392366,RB/FLEX,5400,NE@TEN 10/19/2025 01:00PM ET,TEN,10.85
WR,Wan'Dale Robinson (40392616),Wan'Dale Robinson,40392616,WR/FLEX,5400,NYG@DEN 10/19/2025 04:05PM ET,NYG,13.22
WR,Tre Tucker (40392620),Tre Tucker,40392620,WR/FLEX,5300,LV@KC 10/19/2025 01:00PM ET,LV,14.92
QB,Bryce Young (40392279),Bryce Young,40392279,QB,5300,CAR@NYJ 10/19/2025 01:00PM ET,CAR,15.48
RB,Zonovan Knight (40392368),Zonovan Knight,40392368,RB/FLEX,5300,GB@ARI 10/19/2025 04:25PM ET,ARI,5.45
WR,Marvin Harrison Jr. (40392618),Marvin Harrison Jr.,40392618,WR/FLEX,5300,GB@ARI 10/19/2025 04:25PM ET,ARI,11.3
WR,DJ Moore (40392622),DJ Moore,40392622,WR/FLEX,5200,NO@CHI 10/19/2025 01:00PM ET,CHI,9.6
RB,Rhamondre Stevenson (40392370),Rhamondre Stevenson,40392370,RB/FLEX,5200,NE@TEN 10/19/2025 01:00PM ET,NE,9.18
QB,Jaxson Dart (40392280),Jaxson Dart,40392280,QB,5200,NYG@DEN 10/19/2025 04:05PM ET,NYG,12.40
TE,Tyler Warren (40392962),Tyler Warren,40392962,TE/FLEX,5200,IND@LAC 10/19/2025 04:05PM ET,IND,14.1
QB,Tua Tagovailoa (40392281),Tua Tagovailoa,40392281,QB,5100,MIA@CLE 10/19/2025 01:00PM ET,MIA,15.45
WR,Jordan Addison (40392626),Jordan Addison,40392626,WR/FLEX,5100,PHI@MIN 10/19/2025 01:00PM ET,MIN,16.75
RB,TreVeyon Henderson (40392372),TreVeyon Henderson,40392372,RB/FLEX,5100,NE@TEN 10/19/2025 01:00PM ET,NE,7.78
WR,Michael Pittman Jr. (40392624),Michael Pittman Jr.,40392624,WR/FLEX,5100,IND@LAC 10/19/2025 04:05PM ET,IND,13.55
RB,Isiah Pacheco (40392374),Isiah Pacheco,40392374,RB/FLEX,5000,LV@KC 10/19/2025 01:00PM ET,KC,7
TE,Brock Bowers (40392964),Brock Bowers,40392964,TE/FLEX,5000,LV@KC 10/19/2025 01:00PM ET,LV,11.62
QB,J.J. McCarthy (40392282),J.J. McCarthy,40392282,QB,5000,PHI@MIN 10/19/2025 01:00PM ET,MIN,14.52
QB,Carson Wentz (40392283),Carson Wentz,40392283,QB,5000,PHI@MIN 10/19/2025 01:00PM ET,MIN,18.75
WR,Romeo Doubs (40392628),Romeo Doubs,40392628,WR/FLEX,5000,GB@ARI 10/19/2025 04:25PM ET,GB,13.08
RB,Kendre Miller (40392376),Kendre Miller,40392376,RB/FLEX,4900,NO@CHI 10/19/2025 01:00PM ET,NO,5.43
RB,Tyjae Spears (40392378),Tyjae Spears,40392378,RB/FLEX,4900,NE@TEN 10/19/2025 01:00PM ET,TEN,5.2
WR,Calvin Ridley (40392630),Calvin Ridley,40392630,WR/FLEX,4900,NE@TEN 10/19/2025 01:00PM ET,TEN,8
TE,Tucker Kraft (40392966),Tucker Kraft,40392966,TE/FLEX,4900,GB@ARI 10/19/2025 04:25PM ET,GB,13.22
QB,Marcus Mariota (40392284),Marcus Mariota,40392284,QB,4900,WAS@DAL 10/19/2025 04:25PM ET,WAS,19.26
QB,Spencer Rattler (40392285),Spencer Rattler,40392285,QB,4800,NO@CHI 10/19/2025 01:00PM ET,NO,14.50
RB,Kareem Hunt (40392380),Kareem Hunt,40392380,RB/FLEX,4800,LV@KC 10/19/2025 01:00PM ET,KC,8.2
WR,Josh Downs (40392632),Josh Downs,40392632,WR/FLEX,4800,IND@LAC 10/19/2025 04:05PM ET,IND,8.95
RB,Michael Carter (40392382),Michael Carter,40392382,RB/FLEX,4800,GB@ARI 10/19/2025 04:25PM ET,ARI,8.93
RB,Kyle Monangai (40392386),Kyle Monangai,40392386,RB/FLEX,4700,NO@CHI 10/19/2025 01:00PM ET,CHI,3.38
QB,Geno Smith (40392286),Geno Smith,40392286,QB,4700,LV@KC 10/19/2025 01:00PM ET,LV,14.02
TE,Travis Kelce (40392968),Travis Kelce,40392968,TE/FLEX,4700,LV@KC 10/19/2025 01:00PM ET,KC,12.02
RB,Will Shipley (40392384),Will Shipley,40392384,RB/FLEX,4700,PHI@MIN 10/19/2025 01:00PM ET,PHI,1
WR,Matthew Golden (40392634),Matthew Golden,40392634,WR/FLEX,4700,GB@ARI 10/19/2025 04:25PM ET,GB,7.94
WR,Hollywood Brown (40392638),Hollywood Brown,40392638,WR/FLEX,4600,LV@KC 10/19/2025 01:00PM ET,KC,13.03
QB,Cam Ward (40392287),Cam Ward,40392287,QB,4600,NE@TEN 10/19/2025 01:00PM ET,TEN,8.61
WR,Kayshon Boutte (40392636),Kayshon Boutte,40392636,WR/FLEX,4600,NE@TEN 10/19/2025 01:00PM ET,NE,11.52
RB,RJ Harvey (40392388),RJ Harvey,40392388,RB/FLEX,4600,NYG@DEN 10/19/2025 04:05PM ET,DEN,8.03
RB,Jeremy McNichols (40392390),Jeremy McNichols,40392390,RB/FLEX,4600,WAS@DAL 10/19/2025 04:25PM ET,WAS,4.48
WR,Rashid Shaheed (40392640),Rashid Shaheed,40392640,WR/FLEX,4500,NO@CHI 10/19/2025 01:00PM ET,NO,12.18
TE,Dallas Goedert (40392970),Dallas Goedert,40392970,TE/FLEX,4500,PHI@MIN 10/19/2025 01:00PM ET,PHI,16.26
RB,Tyrone Tracy Jr. (40392392),Tyrone Tracy Jr.,40392392,RB/FLEX,4500,NYG@DEN 10/19/2025 04:05PM ET,NYG,5.2
RB,Hassan Haskins (40392394),Hassan Haskins,40392394,RB/FLEX,4500,IND@LAC 10/19/2025 04:05PM ET,LAC,0.97
QB,Jacoby Brissett (40392288),Jacoby Brissett,40392288,QB,4500,GB@ARI 10/19/2025 04:25PM ET,ARI,8.3
QB,Dillon Gabriel (40392289),Dillon Gabriel,40392289,QB,4400,MIA@CLE 10/19/2025 01:00PM ET,CLE,7.42
QB,Shedeur Sanders (40392290),Shedeur Sanders,40392290,QB,4400,MIA@CLE 10/19/2025 01:00PM ET,CLE,0
RB,Jerome Ford (40392396),Jerome Ford,40392396,RB/FLEX,4400,MIA@CLE 10/19/2025 01:00PM ET,CLE,5.33
RB,Ollie Gordon II (40392398),Ollie Gordon II,40392398,RB/FLEX,4400,MIA@CLE 10/19/2025 01:00PM ET,MIA,2.57
WR,Jerry Jeudy (40392644),Jerry Jeudy,40392644,WR/FLEX,4400,MIA@CLE 10/19/2025 01:00PM ET,CLE,7.33
WR,Christian Watson (40392642),Christian Watson,40392642,WR/FLEX,4400,GB@ARI 10/19/2025 04:25PM ET,GB,0
QB,Tyson Bagent (40392291),Tyson Bagent,40392291,QB,4300,NO@CHI 10/19/2025 01:00PM ET,CHI,1.78
WR,Luther Burden III (40392648),Luther Burden III,40392648,WR/FLEX,4300,NO@CHI 10/19/2025 01:00PM ET,CHI,7.14
RB,Isaiah Davis (40392400),Isaiah Davis,40392400,RB/FLEX,4300,CAR@NYJ 10/19/2025 01:00PM ET,NYJ,2.58
RB,Trevor Etienne (40392404),Trevor Etienne,40392404,RB/FLEX,4300,CAR@NYJ 10/19/2025 01:00PM ET,CAR,1.58
WR,Darius Slayton (40392646),Darius Slayton,40392646,WR/FLEX,4300,NYG@DEN 10/19/2025 04:05PM ET,NYG,5.52
RB,Emari Demercado (40392402),Emari Demercado,40392402,RB/FLEX,4300,GB@ARI 10/19/2025 04:25PM ET,ARI,2.88
RB,Roschon Johnson (40392408),Roschon Johnson,40392408,RB/FLEX,4200,NO@CHI 10/19/2025 01:00PM ET,CHI,0.15
TE,Darren Waller (40392972),Darren Waller,40392972,TE/FLEX,4200,MIA@CLE 10/19/2025 01:00PM ET,MIA,15.23
RB,Zavier Scott (40392406),Zavier Scott,40392406,RB/FLEX,4200,PHI@MIN 10/19/2025 01:00PM ET,MIN,5.8
RB,A.J. Dillon (40392410),A.J. Dillon,40392410,RB/FLEX,4200,PHI@MIN 10/19/2025 01:00PM ET,PHI,1.47
QB,Tyrod Taylor (40392292),Tyrod Taylor,40392292,QB,4200,CAR@NYJ 10/19/2025 01:00PM ET,NYJ,13.51
WR,Josh Reynolds (40392650),Josh Reynolds,40392650,WR/FLEX,4200,CAR@NYJ 10/19/2025 01:00PM ET,NYJ,4.3
WR,Elic Ayomanor (40392652),Elic Ayomanor,40392652,WR/FLEX,4200,NE@TEN 10/19/2025 01:00PM ET,TEN,8.1
QB,Russell Wilson (40392293),Russell Wilson,40392293,QB,4200,NYG@DEN 10/19/2025 04:05PM ET,NYG,10.57
RB,Dylan Sampson (40392416),Dylan Sampson,40392416,RB/FLEX,4100,MIA@CLE 10/19/2025 01:00PM ET,CLE,5.63
RB,Brashard Smith (40392414),Brashard Smith,40392414,RB/FLEX,4100,LV@KC 10/19/2025 01:00PM ET,KC,3.3
TE,Hunter Henry (40392974),Hunter Henry,40392974,TE/FLEX,4100,NE@TEN 10/19/2025 01:00PM ET,NE,10.95
WR,Alec Pierce (40392656),Alec Pierce,40392656,WR/FLEX,4100,IND@LAC 10/19/2025 04:05PM ET,IND,8.22
RB,Chris Rodriguez Jr. (40392412),Chris Rodriguez Jr.,40392412,RB/FLEX,4100,WAS@DAL 10/19/2025 04:25PM ET,WAS,2.62
WR,Luke McCaffrey (40392654),Luke McCaffrey,40392654,WR/FLEX,4100,WAS@DAL 10/19/2025 04:25PM ET,WAS,7.65
QB,Tyler Shough (40392329),Tyler Shough,40392329,QB,4000,NO@CHI 10/19/2025 01:00PM ET,NO,0
QB,Jake Haener (40392330),Jake Haener,40392330,QB,4000,NO@CHI 10/19/2025 01:00PM ET,NO,0
QB,Case Keenum (40392331),Case Keenum,40392331,QB,4000,NO@CHI 10/19/2025 01:00PM ET,CHI,0
RB,Devin Neal (40392558),Devin Neal,40392558,RB/FLEX,4000,NO@CHI 10/19/2025 01:00PM ET,NO,0.45
RB,Velus Jones Jr. (40392560),Velus Jones Jr.,40392560,RB/FLEX,4000,NO@CHI 10/19/2025 01:00PM ET,NO,0
RB,Travis Homer (40392562),Travis Homer,40392562,RB/FLEX,4000,NO@CHI 10/19/2025 01:00PM ET,CHI,0
RB,Deion Hankins (40392564),Deion Hankins,40392564,RB/FLEX,4000,NO@CHI 10/19/2025 01:00PM ET,CHI,0
RB,Brittain Brown (40392566),Brittain Brown,40392566,RB/FLEX,4000,NO@CHI 10/19/2025 01:00PM ET,CHI,0
QB,Zach Wilson (40392325),Zach Wilson,40392325,QB,4000,MIA@CLE 10/19/2025 01:00PM ET,MIA,1.58
QB,Quinn Ewers (40392326),Quinn Ewers,40392326,QB,4000,MIA@CLE 10/19/2025 01:00PM ET,MIA,0
QB,Deshaun Watson (40392327),Deshaun Watson,40392327,QB,4000,MIA@CLE 10/19/2025 01:00PM ET,CLE,0
QB,Bailey Zappe (40392328),Bailey Zappe,40392328,QB,4000,MIA@CLE 10/19/2025 01:00PM ET,CLE,0
RB,Jaylen Wright (40392544),Jaylen Wright,40392544,RB/FLEX,4000,MIA@CLE 10/19/2025 01:00PM ET,MIA,0
RB,Alexander Mattison (40392546),Alexander Mattison,40392546,RB/FLEX,4000,MIA@CLE 10/19/2025 01:00PM ET,MIA,0
RB,Alec Ingold (40392548),Alec Ingold,40392548,RB/FLEX,4000,MIA@CLE 10/19/2025 01:00PM ET,MIA,1.32
RB,JaMycal Hasty (40392550),JaMycal Hasty,40392550,RB/FLEX,4000,MIA@CLE 10/19/2025 01:00PM ET,MIA,0
RB,Jeff Wilson Jr. (40392552),Jeff Wilson Jr.,40392552,RB/FLEX,4000,MIA@CLE 10/19/2025 01:00PM ET,MIA,0
RB,Raheim Sanders (40392554),Raheim Sanders,40392554,RB/FLEX,4000,MIA@CLE 10/19/2025 01:00PM ET,CLE,6.3
RB,Ahmani Marshall (40392556),Ahmani Marshall,40392556,RB/FLEX,4000,MIA@CLE 10/19/2025 01:00PM ET,CLE,0
QB,Gardner Minshew II (40392295),Gardner Minshew II,40392295,QB,4000,LV@KC 10/19/2025 01:00PM ET,KC,-0.3
QB,Kenny Pickett (40392321),Kenny Pickett,40392321,QB,4000,LV@KC 10/19/2025 01:00PM ET,LV,0
QB,Aidan O'Connell (40392322),Aidan O'Connell,40392322,QB,4000,LV@KC 10/19/2025 01:00PM ET,LV,0
QB,Cam Miller (40392323),Cam Miller,40392323,QB,4000,LV@KC 10/19/2025 01:00PM ET,LV,0
QB,Chris Oladokun (40392324),Chris Oladokun,40392324,QB,4000,LV@KC 10/19/2025 01:00PM ET,KC,0
RB,Dylan Laube (40392530),Dylan Laube,40392530,RB/FLEX,4000,LV@KC 10/19/2025 01:00PM ET,LV,0.65
RB,Zamir White (40392532),Zamir White,40392532,RB/FLEX,4000,LV@KC 10/19/2025 01:00PM ET,LV,1.85
RB,Chris Collier (40392534),Chris Collier,40392534,RB/FLEX,4000,LV@KC 10/19/2025 01:00PM ET,LV,0
RB,Elijah Mitchell (40392536),Elijah Mitchell,40392536,RB/FLEX,4000,LV@KC 10/19/2025 01:00PM ET,KC,0
RB,Keaontay Ingram (40392538),Keaontay Ingram,40392538,RB/FLEX,4000,LV@KC 10/19/2025 01:00PM ET,KC,0
RB,Clyde Edwards-Helaire (40392540),Clyde Edwards-Helaire,40392540,RB/FLEX,4000,LV@KC 10/19/2025 01:00PM ET,KC,0
RB,Carson Steele (40392542),Carson Steele,40392542,RB/FLEX,4000,LV@KC 10/19/2025 01:00PM ET,KC,0
RB,Raheem Mostert (40392574),Raheem Mostert,40392574,RB/FLEX,4000,LV@KC 10/19/2025 01:00PM ET,LV,3.37
QB,Tanner McKee (40392317),Tanner McKee,40392317,QB,4000,PHI@MIN 10/19/2025 01:00PM ET,PHI,0
QB,Sam Howell (40392318),Sam Howell,40392318,QB,4000,PHI@MIN 10/19/2025 01:00PM ET,PHI,0
QB,Kyle McCord (40392319),Kyle McCord,40392319,QB,4000,PHI@MIN 10/19/2025 01:00PM ET,PHI,0
QB,Max Brosmer (40392320),Max Brosmer,40392320,QB,4000,PHI@MIN 10/19/2025 01:00PM ET,MIN,0.53
RB,Ben VanSumeren (40392516),Ben VanSumeren,40392516,RB/FLEX,4000,PHI@MIN 10/19/2025 01:00PM ET,PHI,0
RB,Audric Estime (40392518),Audric Estime,40392518,RB/FLEX,4000,PHI@MIN 10/19/2025 01:00PM ET,PHI,0
RB,Aaron Jones Sr. (40392520),Aaron Jones Sr.,40392520,RB/FLEX,4000,PHI@MIN 10/19/2025 01:00PM ET,MIN,9
RB,Ty Chandler (40392522),Ty Chandler,40392522,RB/FLEX,4000,PHI@MIN 10/19/2025 01:00PM ET,MIN,0
RB,C.J. Ham (40392524),C.J. Ham,40392524,RB/FLEX,4000,PHI@MIN 10/19/2025 01:00PM ET,MIN,0
RB,Corey Kiner (40392526),Corey Kiner,40392526,RB/FLEX,4000,PHI@MIN 10/19/2025 01:00PM ET,MIN,0
RB,Cam Akers (40392528),Cam Akers,40392528,RB/FLEX,4000,PHI@MIN 10/19/2025 01:00PM ET,MIN,2.39
RB,Tank Bigsby (40392570),Tank Bigsby,40392570,RB/FLEX,4000,PHI@MIN 10/19/2025 01:00PM ET,PHI,0.2
QB,Andy Dalton (40392294),Andy Dalton,40392294,QB,4000,CAR@NYJ 10/19/2025 01:00PM ET,CAR,3.11
QB,Hendon Hooker (40392315),Hendon Hooker,40392315,QB,4000,CAR@NYJ 10/19/2025 01:00PM ET,CAR,0
QB,Brady Cook (40392316),Brady Cook,40392316,QB,4000,CAR@NYJ 10/19/2025 01:00PM ET,NYJ,0
RB,DeeJay Dallas (40392502),DeeJay Dallas,40392502,RB/FLEX,4000,CAR@NYJ 10/19/2025 01:00PM ET,CAR,0
RB,Jonathon Brooks (40392504),Jonathon Brooks,40392504,RB/FLEX,4000,CAR@NYJ 10/19/2025 01:00PM ET,CAR,0
RB,Anthony Tyus III (40392506),Anthony Tyus III,40392506,RB/FLEX,4000,CAR@NYJ 10/19/2025 01:00PM ET,CAR,0
RB,Kene Nwangwu (40392508),Kene Nwangwu,40392508,RB/FLEX,4000,CAR@NYJ 10/19/2025 01:00PM ET,NYJ,0
RB,Khalil Herbert (40392510),Khalil Herbert,40392510,RB/FLEX,4000,CAR@NYJ 10/19/2025 01:00PM ET,NYJ,0
RB,Braelon Allen (40392512),Braelon Allen,40392512,RB/FLEX,4000,CAR@NYJ 10/19/2025 01:00PM ET,NYJ,4.08
RB,Andrew Beck (40392514),Andrew Beck,40392514,RB/FLEX,4000,CAR@NYJ 10/19/2025 01:00PM ET,NYJ,1.45
WR,Jalen Coker (40392658),Jalen Coker,40392658,WR/FLEX,4000,CAR@NYJ 10/19/2025 01:00PM ET,CAR,0
QB,Joshua Dobbs (40392310),Joshua Dobbs,40392310,QB,4000,NE@TEN 10/19/2025 01:00PM ET,NE,-0.2
QB,Tommy DeVito (40392311),Tommy DeVito,40392311,QB,4000,NE@TEN 10/19/2025 01:00PM ET,NE,0
QB,Brandon Allen (40392312),Brandon Allen,40392312,QB,4000,NE@TEN 10/19/2025 01:00PM ET,TEN,0
QB,Will Levis (40392313),Will Levis,40392313,QB,4000,NE@TEN 10/19/2025 01:00PM ET,TEN,0
QB,Trevor Siemian (40392314),Trevor Siemian,40392314,QB,4000,NE@TEN 10/19/2025 01:00PM ET,TEN,0
RB,Terrell Jennings (40392482),Terrell Jennings,40392482,RB/FLEX,4000,NE@TEN 10/19/2025 01:00PM ET,NE,0
RB,Antonio Gibson (40392484),Antonio Gibson,40392484,RB/FLEX,4000,NE@TEN 10/19/2025 01:00PM ET,NE,4.84
RB,Lan Larison (40392486),Lan Larison,40392486,RB/FLEX,4000,NE@TEN 10/19/2025 01:00PM ET,NE,0
RB,Deneric Prince (40392488),Deneric Prince,40392488,RB/FLEX,4000,NE@TEN 10/19/2025 01:00PM ET,NE,0
RB,Jack Westover (40392490),Jack Westover,40392490,RB/FLEX,4000,NE@TEN 10/19/2025 01:00PM ET,NE,0
RB,Brock Lampe (40392492),Brock Lampe,40392492,RB/FLEX,4000,NE@TEN 10/19/2025 01:00PM ET,NE,0
RB,Jashaun Corbin (40392494),Jashaun Corbin,40392494,RB/FLEX,4000,NE@TEN 10/19/2025 01:00PM ET,NE,0
RB,Julius Chestnut (40392496),Julius Chestnut,40392496,RB/FLEX,4000,NE@TEN 10/19/2025 01:00PM ET,TEN,0.52
RB,Kalel Mullings (40392498),Kalel Mullings,40392498,RB/FLEX,4000,NE@TEN 10/19/2025 01:00PM ET,TEN,0
RB,Jordan Mims (40392500),Jordan Mims,40392500,RB/FLEX,4000,NE@TEN 10/19/2025 01:00PM ET,TEN,0
WR,DeMario Douglas (40392660),DeMario Douglas,40392660,WR/FLEX,4000,NE@TEN 10/19/2025 01:00PM ET,NE,5.42
QB,Jameis Winston (40392307),Jameis Winston,40392307,QB,4000,NYG@DEN 10/19/2025 04:05PM ET,NYG,0
QB,Jarrett Stidham (40392308),Jarrett Stidham,40392308,QB,4000,NYG@DEN 10/19/2025 04:05PM ET,DEN,0
QB,Sam Ehlinger (40392309),Sam Ehlinger,40392309,QB,4000,NYG@DEN 10/19/2025 04:05PM ET,DEN,0
RB,Eric Gray (40392468),Eric Gray,40392468,RB/FLEX,4000,NYG@DEN 10/19/2025 04:05PM ET,NYG,0
RB,Dante Miller (40392470),Dante Miller,40392470,RB/FLEX,4000,NYG@DEN 10/19/2025 04:05PM ET,NYG,0
RB,Jaleel McLaughlin (40392472),Jaleel McLaughlin,40392472,RB/FLEX,4000,NYG@DEN 10/19/2025 04:05PM ET,DEN,0
RB,Tyler Badie (40392474),Tyler Badie,40392474,RB/FLEX,4000,NYG@DEN 10/19/2025 04:05PM ET,DEN,2.5
RB,Deuce Vaughn (40392476),Deuce Vaughn,40392476,RB/FLEX,4000,NYG@DEN 10/19/2025 04:05PM ET,DEN,0
RB,Michael Burton (40392478),Michael Burton,40392478,RB/FLEX,4000,NYG@DEN 10/19/2025 04:05PM ET,DEN,0
RB,Adam Prentice (40392480),Adam Prentice,40392480,RB/FLEX,4000,NYG@DEN 10/19/2025 04:05PM ET,DEN,0.48
RB,Devin Singletary (40392568),Devin Singletary,40392568,RB/FLEX,4000,NYG@DEN 10/19/2025 04:05PM ET,NYG,1.7
TE,Evan Engram (40392976),Evan Engram,40392976,TE/FLEX,4000,NYG@DEN 10/19/2025 04:05PM ET,DEN,7.48
QB,Trey Lance (40392303),Trey Lance,40392303,QB,4000,IND@LAC 10/19/2025 04:05PM ET,LAC,2.86
QB,DJ Uiagalelei (40392304),DJ Uiagalelei,40392304,QB,4000,IND@LAC 10/19/2025 04:05PM ET,LAC,0
QB,Anthony Richardson Sr. (40392305),Anthony Richardson Sr.,40392305,QB,4000,IND@LAC 10/19/2025 04:05PM ET,IND,1.08
QB,Riley Leonard (40392306),Riley Leonard,40392306,QB,4000,IND@LAC 10/19/2025 04:05PM ET,IND,0
RB,Omarion Hampton (40392418),Omarion Hampton,40392418,RB/FLEX,4000,IND@LAC 10/19/2025 04:05PM ET,LAC,16
RB,Nyheim Miller-Hines (40392450),Nyheim Miller-Hines,40392450,RB/FLEX,4000,IND@LAC 10/19/2025 04:05PM ET,LAC,0
RB,Najee Harris (40392452),Najee Harris,40392452,RB/FLEX,4000,IND@LAC 10/19/2025 04:05PM ET,LAC,3.87
RB,Scott Matlock (40392454),Scott Matlock,40392454,RB/FLEX,4000,IND@LAC 10/19/2025 04:05PM ET,LAC,0.22
RB,Amar Johnson (40392456),Amar Johnson,40392456,RB/FLEX,4000,IND@LAC 10/19/2025 04:05PM ET,LAC,0
RB,DJ Giddens (40392458),DJ Giddens,40392458,RB/FLEX,4000,IND@LAC 10/19/2025 04:05PM ET,IND,1.1
RB,Ameer Abdullah (40392460),Ameer Abdullah,40392460,RB/FLEX,4000,IND@LAC 10/19/2025 04:05PM ET,IND,4.6
RB,Tyler Goodson (40392462),Tyler Goodson,40392462,RB/FLEX,4000,IND@LAC 10/19/2025 04:05PM ET,IND,0.8
RB,Salvon Ahmed (40392464),Salvon Ahmed,40392464,RB/FLEX,4000,IND@LAC 10/19/2025 04:05PM ET,IND,0
RB,Ulysses Bentley IV (40392466),Ulysses Bentley IV,40392466,RB/FLEX,4000,IND@LAC 10/19/2025 04:05PM ET,IND,0
QB,Kedon Slovis (40392300),Kedon Slovis,40392300,QB,4000,GB@ARI 10/19/2025 04:25PM ET,ARI,0
QB,Malik Willis (40392301),Malik Willis,40392301,QB,4000,GB@ARI 10/19/2025 04:25PM ET,GB,0
QB,Clayton Tune (40392302),Clayton Tune,40392302,QB,4000,GB@ARI 10/19/2025 04:25PM ET,GB,0
RB,Trey Benson (40392436),Trey Benson,40392436,RB/FLEX,4000,GB@ARI 10/19/2025 04:25PM ET,ARI,8.85
RB,James Conner (40392438),James Conner,40392438,RB/FLEX,4000,GB@ARI 10/19/2025 04:25PM ET,ARI,11.1
RB,D'Ernest Johnson (40392440),D'Ernest Johnson,40392440,RB/FLEX,4000,GB@ARI 10/19/2025 04:25PM ET,ARI,0
RB,Jermar Jefferson (40392442),Jermar Jefferson,40392442,RB/FLEX,4000,GB@ARI 10/19/2025 04:25PM ET,ARI,0
RB,Chris Brooks (40392444),Chris Brooks,40392444,RB/FLEX,4000,GB@ARI 10/19/2025 04:25PM ET,GB,1.64
RB,MarShawn Lloyd (40392446),MarShawn Lloyd,40392446,RB/FLEX,4000,GB@ARI 10/19/2025 04:25PM ET,GB,0
RB,Pierre Strong Jr. (40392448),Pierre Strong Jr.,40392448,RB/FLEX,4000,GB@ARI 10/19/2025 04:25PM ET,GB,0
RB,Emanuel Wilson (40392572),Emanuel Wilson,40392572,RB/FLEX,4000,GB@ARI 10/19/2025 04:25PM ET,GB,3.14
QB,Josh Johnson (40392296),Josh Johnson,40392296,QB,4000,WAS@DAL 10/19/2025 04:25PM ET,WAS,0
QB,Sam Hartman (40392297),Sam Hartman,40392297,QB,4000,WAS@DAL 10/19/2025 04:25PM ET,WAS,0
QB,Joe Milton III (40392298),Joe Milton III,40392298,QB,4000,WAS@DAL 10/19/2025 04:25PM ET,DAL,0.64
QB,Will Grier (40392299),Will Grier,40392299,QB,4000,WAS@DAL 10/19/2025 04:25PM ET,DAL,0
RB,Austin Ekeler (40392420),Austin Ekeler,40392420,RB/FLEX,4000,WAS@DAL 10/19/2025 04:25PM ET,WAS,6.55
RB,Chase Edmonds (40392422),Chase Edmonds,40392422,RB/FLEX,4000,WAS@DAL 10/19/2025 04:25PM ET,WAS,0
RB,Donovan Edwards (40392424),Donovan Edwards,40392424,RB/FLEX,4000,WAS@DAL 10/19/2025 04:25PM ET,WAS,0
RB,Jaydon Blue (40392426),Jaydon Blue,40392426,RB/FLEX,4000,WAS@DAL 10/19/2025 04:25PM ET,DAL,0.35
RB,Miles Sanders (40392428),Miles Sanders,40392428,RB/FLEX,4000,WAS@DAL 10/19/2025 04:25PM ET,DAL,6.92
RB,Phil Mafah (40392430),Phil Mafah,40392430,RB/FLEX,4000,WAS@DAL 10/19/2025 04:25PM ET,DAL,0
RB,Hunter Luepke (40392432),Hunter Luepke,40392432,RB/FLEX,4000,WAS@DAL 10/19/2025 04:25PM ET,DAL,1.88
RB,Malik Davis (40392434),Malik Davis,40392434,RB/FLEX,4000,WAS@DAL 10/19/2025 04:25PM ET,DAL,0
TE,Harold Fannin Jr. (40392978),Harold Fannin Jr.,40392978,TE/FLEX,3900,MIA@CLE 10/19/2025 01:00PM ET,CLE,9.97
WR,Troy Franklin (40392662),Troy Franklin,40392662,WR/FLEX,3900,NYG@DEN 10/19/2025 04:05PM ET,DEN,9.55
WR,Ryan Flournoy (40392664),Ryan Flournoy,40392664,WR/FLEX,3900,WAS@DAL 10/19/2025 04:25PM ET,DAL,6.07
WR,Malik Washington (40392670),Malik Washington,40392670,WR/FLEX,3800,MIA@CLE 10/19/2025 01:00PM ET,MIA,5.83
WR,Michael Wilson (40392666),Michael Wilson,40392666,WR/FLEX,3800,GB@ARI 10/19/2025 04:25PM ET,ARI,4.6
WR,Jaylin Lane (40392668),Jaylin Lane,40392668,WR/FLEX,3800,WAS@DAL 10/19/2025 04:25PM ET,WAS,3.65
TE,Zach Ertz (40392980),Zach Ertz,40392980,TE/FLEX,3800,WAS@DAL 10/19/2025 04:25PM ET,WAS,9.87
WR,Olamide Zaccheaus (40392674),Olamide Zaccheaus,40392674,WR/FLEX,3700,NO@CHI 10/19/2025 01:00PM ET,CHI,6.56
WR,Tyquan Thornton (40392672),Tyquan Thornton,40392672,WR/FLEX,3700,LV@KC 10/19/2025 01:00PM ET,KC,9.7
DST,Chiefs  (40393182),Chiefs ,40393182,DST,3700,LV@KC 10/19/2025 01:00PM ET,KC,5.83
WR,Xavier Legette (40392676),Xavier Legette,40392676,WR/FLEX,3700,CAR@NYJ 10/19/2025 01:00PM ET,CAR,4.75
TE,Theo Johnson (40392982),Theo Johnson,40392982,TE/FLEX,3700,NYG@DEN 10/19/2025 04:05PM ET,NYG,7.93
WR,JuJu Smith-Schuster (40392678),JuJu Smith-Schuster,40392678,WR/FLEX,3600,LV@KC 10/19/2025 01:00PM ET,KC,7.92
TE,T.J. Hockenson (40392984),T.J. Hockenson,40392984,TE/FLEX,3600,PHI@MIN 10/19/2025 01:00PM ET,MIN,8.06
WR,Greg Dortch (40392680),Greg Dortch,40392680,WR/FLEX,3600,GB@ARI 10/19/2025 04:25PM ET,ARI,4.45
WR,Dontayvion Wicks (40392682),Dontayvion Wicks,40392682,WR/FLEX,3600,GB@ARI 10/19/2025 04:25PM ET,GB,4.98
DST,Packers  (40393183),Packers ,40393183,DST,3600,GB@ARI 10/19/2025 04:25PM ET,GB,4.4
TE,Michael Mayer (40392986),Michael Mayer,40392986,TE/FLEX,3500,LV@KC 10/19/2025 01:00PM ET,LV,6.68
WR,Jalen Nailor (40392686),Jalen Nailor,40392686,WR/FLEX,3500,PHI@MIN 10/19/2025 01:00PM ET,MIN,6.6
WR,Arian Smith (40392692),Arian Smith,40392692,WR/FLEX,3500,CAR@NYJ 10/19/2025 01:00PM ET,NYJ,0.9
WR,Marvin Mims Jr. (40392684),Marvin Mims Jr.,40392684,WR/FLEX,3500,NYG@DEN 10/19/2025 04:05PM ET,DEN,7.37
DST,Broncos  (40393184),Broncos ,40393184,DST,3500,NYG@DEN 10/19/2025 04:05PM ET,DEN,8.83
WR,Zay Jones (40392690),Zay Jones,40392690,WR/FLEX,3500,GB@ARI 10/19/2025 04:25PM ET,ARI,4.32
WR,KaVontae Turpin (40392688),KaVontae Turpin,40392688,WR/FLEX,3500,WAS@DAL 10/19/2025 04:25PM ET,DAL,8.8
WR,Brandin Cooks (40392702),Brandin Cooks,40392702,WR/FLEX,3400,NO@CHI 10/19/2025 01:00PM ET,NO,4.23
WR,Isaiah Bond (40392698),Isaiah Bond,40392698,WR/FLEX,3400,MIA@CLE 10/19/2025 01:00PM ET,CLE,4.03
TE,David Njoku (40392990),David Njoku,40392990,TE/FLEX,3400,MIA@CLE 10/19/2025 01:00PM ET,CLE,8.55
WR,Allen Lazard (40392700),Allen Lazard,40392700,WR/FLEX,3400,CAR@NYJ 10/19/2025 01:00PM ET,NYJ,3.1
TE,Mason Taylor (40392988),Mason Taylor,40392988,TE/FLEX,3400,CAR@NYJ 10/19/2025 01:00PM ET,NYJ,6.78
DST,Patriots  (40393185),Patriots ,40393185,DST,3400,NE@TEN 10/19/2025 01:00PM ET,NE,7.67
WR,Jalin Hyatt (40392694),Jalin Hyatt,40392694,WR/FLEX,3400,NYG@DEN 10/19/2025 04:05PM ET,NYG,1.18
WR,Adonai Mitchell (40392696),Adonai Mitchell,40392696,WR/FLEX,3400,IND@LAC 10/19/2025 04:05PM ET,IND,3.94
WR,Jahan Dotson (40392710),Jahan Dotson,40392710,WR/FLEX,3300,PHI@MIN 10/19/2025 01:00PM ET,PHI,3.02
WR,Tyler Lockett (40392712),Tyler Lockett,40392712,WR/FLEX,3300,NE@TEN 10/19/2025 01:00PM ET,TEN,3.2
TE,Chig Okonkwo (40392992),Chig Okonkwo,40392992,TE/FLEX,3300,NE@TEN 10/19/2025 01:00PM ET,TEN,7.47
WR,Tre' Harris (40392732),Tre' Harris,40392732,WR/FLEX,3300,IND@LAC 10/19/2025 04:05PM ET,LAC,2.37
TE,Oronde Gadsden II (40392994),Oronde Gadsden II,40392994,TE/FLEX,3300,IND@LAC 10/19/2025 04:05PM ET,LAC,7.1
DST,Chargers  (40393186),Chargers ,40393186,DST,3300,IND@LAC 10/19/2025 04:05PM ET,LAC,5.83
WR,Jalen Tolbert (40392706),Jalen Tolbert,40392706,WR/FLEX,3300,WAS@DAL 10/19/2025 04:25PM ET,DAL,3.98
WR,Noah Brown (40392708),Noah Brown,40392708,WR/FLEX,3300,WAS@DAL 10/19/2025 04:25PM ET,WAS,3.3
TE,Cole Kmet (40392998),Cole Kmet,40392998,TE/FLEX,3200,NO@CHI 10/19/2025 01:00PM ET,CHI,5.12
WR,Jamari Thrash (40392714),Jamari Thrash,40392714,WR/FLEX,3200,MIA@CLE 10/19/2025 01:00PM ET,CLE,2.05
WR,Dont'e Thornton Jr. (40392722),Dont'e Thornton Jr.,40392722,WR/FLEX,3200,LV@KC 10/19/2025 01:00PM ET,LV,2.4
DST,Eagles  (40393187),Eagles ,40393187,DST,3200,PHI@MIN 10/19/2025 01:00PM ET,PHI,6.33
WR,Hunter Renfrow (40392720),Hunter Renfrow,40392720,WR/FLEX,3200,CAR@NYJ 10/19/2025 01:00PM ET,CAR,5.98
TE,Ja'Tavion Sanders (40392996),Ja'Tavion Sanders,40392996,TE/FLEX,3200,CAR@NYJ 10/19/2025 01:00PM ET,CAR,6.73
WR,Van Jefferson (40392718),Van Jefferson,40392718,WR/FLEX,3200,NE@TEN 10/19/2025 01:00PM ET,TEN,2.98
WR,Beaux Collins (40392716),Beaux Collins,40392716,WR/FLEX,3200,NYG@DEN 10/19/2025 04:05PM ET,NYG,0.28
WR,Bub Means (40392726),Bub Means,40392726,WR/FLEX,3100,NO@CHI 10/19/2025 01:00PM ET,NO,0
TE,Juwan Johnson (40393000),Juwan Johnson,40393000,TE/FLEX,3100,NO@CHI 10/19/2025 01:00PM ET,NO,9.1
TE,Colston Loveland (40393002),Colston Loveland,40393002,TE/FLEX,3100,NO@CHI 10/19/2025 01:00PM ET,CHI,2.6
DST,Bears  (40393188),Bears ,40393188,DST,3100,NO@CHI 10/19/2025 01:00PM ET,CHI,7.4
WR,Adam Thielen (40392704),Adam Thielen,40392704,WR/FLEX,3100,PHI@MIN 10/19/2025 01:00PM ET,MIN,1.94
WR,Mack Hollins (40392724),Mack Hollins,40392724,WR/FLEX,3100,NE@TEN 10/19/2025 01:00PM ET,NE,4.67
WR,Chimere Dike (40392730),Chimere Dike,40392730,WR/FLEX,3100,NE@TEN 10/19/2025 01:00PM ET,TEN,2.22
WR,Lil'Jordan Humphrey (40392728),Lil'Jordan Humphrey,40392728,WR/FLEX,3100,NYG@DEN 10/19/2025 04:05PM ET,NYG,9.5
WR,Devaughn Vele (40392932),Devaughn Vele,40392932,WR/FLEX,3000,NO@CHI 10/19/2025 01:00PM ET,NO,2.58
WR,Mason Tipton (40392934),Mason Tipton,40392934,WR/FLEX,3000,NO@CHI 10/19/2025 01:00PM ET,NO,0
WR,Trey Palmer (40392936),Trey Palmer,40392936,WR/FLEX,3000,NO@CHI 10/19/2025 01:00PM ET,NO,0
WR,Ja'Lynn Polk (40392938),Ja'Lynn Polk,40392938,WR/FLEX,3000,NO@CHI 10/19/2025 01:00PM ET,NO,0
WR,Ronnie Bell (40392940),Ronnie Bell,40392940,WR/FLEX,3000,NO@CHI 10/19/2025 01:00PM ET,NO,0
WR,Kevin Austin Jr. (40392942),Kevin Austin Jr.,40392942,WR/FLEX,3000,NO@CHI 10/19/2025 01:00PM ET,NO,0
WR,Dante Pettis (40392944),Dante Pettis,40392944,WR/FLEX,3000,NO@CHI 10/19/2025 01:00PM ET,NO,0
WR,Devin Duvernay (40392946),Devin Duvernay,40392946,WR/FLEX,3000,NO@CHI 10/19/2025 01:00PM ET,CHI,0
WR,Jahdae Walker (40392948),Jahdae Walker,40392948,WR/FLEX,3000,NO@CHI 10/19/2025 01:00PM ET,CHI,0
WR,JP Richardson (40392950),JP Richardson,40392950,WR/FLEX,3000,NO@CHI 10/19/2025 01:00PM ET,CHI,0
WR,Maurice Alexander (40392952),Maurice Alexander,40392952,WR/FLEX,3000,NO@CHI 10/19/2025 01:00PM ET,CHI,0
WR,Miles Boykin (40392954),Miles Boykin,40392954,WR/FLEX,3000,NO@CHI 10/19/2025 01:00PM ET,CHI,0
TE,Taysom Hill (40393004),Taysom Hill,40393004,TE/FLEX,3000,NO@CHI 10/19/2025 01:00PM ET,NO,3.38
WR,Nick Westbrook-Ikhine (40392736),Nick Westbrook-Ikhine,40392736,WR/FLEX,3000,MIA@CLE 10/19/2025 01:00PM ET,MIA,1.1
WR,Dee Eskridge (40392904),Dee Eskridge,40392904,WR/FLEX,3000,MIA@CLE 10/19/2025 01:00PM ET,MIA,0.62
WR,Cedrick Wilson Jr. (40392906),Cedrick Wilson Jr.,40392906,WR/FLEX,3000,MIA@CLE 10/19/2025 01:00PM ET,MIA,0
WR,Tahj Washington (40392908),Tahj Washington,40392908,WR/FLEX,3000,MIA@CLE 10/19/2025 01:00PM ET,MIA,0
WR,Tyreek Hill (40392910),Tyreek Hill,40392910,WR/FLEX,3000,MIA@CLE 10/19/2025 01:00PM ET,MIA,14.12
WR,Theo Wease Jr. (40392912),Theo Wease Jr.,40392912,WR/FLEX,3000,MIA@CLE 10/19/2025 01:00PM ET,MIA,0
WR,A.J. Henning (40392914),A.J. Henning,40392914,WR/FLEX,3000,MIA@CLE 10/19/2025 01:00PM ET,MIA,0
WR,Malachi Corley (40392916),Malachi Corley,40392916,WR/FLEX,3000,MIA@CLE 10/19/2025 01:00PM ET,CLE,0.55
WR,Gage Larvadain (40392918),Gage Larvadain,40392918,WR/FLEX,3000,MIA@CLE 10/19/2025 01:00PM ET,CLE,2.1
WR,Cedric Tillman (40392920),Cedric Tillman,40392920,WR/FLEX,3000,MIA@CLE 10/19/2025 01:00PM ET,CLE,8.4
WR,DeAndre Carter (40392922),DeAndre Carter,40392922,WR/FLEX,3000,MIA@CLE 10/19/2025 01:00PM ET,CLE,0
WR,David Bell (40392924),David Bell,40392924,WR/FLEX,3000,MIA@CLE 10/19/2025 01:00PM ET,CLE,0
WR,Cade McDonald (40392926),Cade McDonald,40392926,WR/FLEX,3000,MIA@CLE 10/19/2025 01:00PM ET,CLE,0
WR,Kaden Davis (40392928),Kaden Davis,40392928,WR/FLEX,3000,MIA@CLE 10/19/2025 01:00PM ET,CLE,0
WR,Luke Floriea (40392930),Luke Floriea,40392930,WR/FLEX,3000,MIA@CLE 10/19/2025 01:00PM ET,CLE,0
DST,Browns  (40393189),Browns ,40393189,DST,3000,MIA@CLE 10/19/2025 01:00PM ET,CLE,4
WR,Jack Bech (40392734),Jack Bech,40392734,WR/FLEX,3000,LV@KC 10/19/2025 01:00PM ET,LV,1.83
WR,Alex Bachman (40392888),Alex Bachman,40392888,WR/FLEX,3000,LV@KC 10/19/2025 01:00PM ET,LV,0.38
WR,Justin Shorter (40392890),Justin Shorter,40392890,WR/FLEX,3000,LV@KC 10/19/2025 01:00PM ET,LV,0
WR,Phillip Dorsett II (40392892),Phillip Dorsett II,40392892,WR/FLEX,3000,LV@KC 10/19/2025 01:00PM ET,LV,0
WR,Shedrick Jackson (40392894),Shedrick Jackson,40392894,WR/FLEX,3000,LV@KC 10/19/2025 01:00PM ET,LV,0
WR,Jalen Royals (40392896),Jalen Royals,40392896,WR/FLEX,3000,LV@KC 10/19/2025 01:00PM ET,KC,0
WR,Jason Brownlee (40392898),Jason Brownlee,40392898,WR/FLEX,3000,LV@KC 10/19/2025 01:00PM ET,KC,0
WR,Nikko Remigio (40392900),Nikko Remigio,40392900,WR/FLEX,3000,LV@KC 10/19/2025 01:00PM ET,KC,0.7
WR,Jimmy Holiday (40392902),Jimmy Holiday,40392902,WR/FLEX,3000,LV@KC 10/19/2025 01:00PM ET,KC,0
WR,John Metchie III (40392862),John Metchie III,40392862,WR/FLEX,3000,PHI@MIN 10/19/2025 01:00PM ET,PHI,0.97
WR,Xavier Gipson (40392864),Xavier Gipson,40392864,WR/FLEX,3000,PHI@MIN 10/19/2025 01:00PM ET,PHI,-1
WR,Darius Cooper (40392866),Darius Cooper,40392866,WR/FLEX,3000,PHI@MIN 10/19/2025 01:00PM ET,PHI,0
WR,Johnny Wilson (40392868),Johnny Wilson,40392868,WR/FLEX,3000,PHI@MIN 10/19/2025 01:00PM ET,PHI,0
WR,Javon Baker (40392870),Javon Baker,40392870,WR/FLEX,3000,PHI@MIN 10/19/2025 01:00PM ET,PHI,0
WR,Quez Watkins (40392872),Quez Watkins,40392872,WR/FLEX,3000,PHI@MIN 10/19/2025 01:00PM ET,PHI,0
WR,Terrace Marshall (40392874),Terrace Marshall,40392874,WR/FLEX,3000,PHI@MIN 10/19/2025 01:00PM ET,PHI,0
WR,Britain Covey (40392876),Britain Covey,40392876,WR/FLEX,3000,PHI@MIN 10/19/2025 01:00PM ET,PHI,0
WR,Tai Felton (40392878),Tai Felton,40392878,WR/FLEX,3000,PHI@MIN 10/19/2025 01:00PM ET,MIN,0.38
WR,Myles Price (40392880),Myles Price,40392880,WR/FLEX,3000,PHI@MIN 10/19/2025 01:00PM ET,MIN,-0.2
WR,Rondale Moore (40392882),Rondale Moore,40392882,WR/FLEX,3000,PHI@MIN 10/19/2025 01:00PM ET,MIN,0
WR,Dontae Fleming (40392884),Dontae Fleming,40392884,WR/FLEX,3000,PHI@MIN 10/19/2025 01:00PM ET,MIN,0
WR,Jeshaun Jones (40392886),Jeshaun Jones,40392886,WR/FLEX,3000,PHI@MIN 10/19/2025 01:00PM ET,MIN,0
WR,Jimmy Horn Jr. (40392838),Jimmy Horn Jr.,40392838,WR/FLEX,3000,CAR@NYJ 10/19/2025 01:00PM ET,CAR,3.93
WR,David Moore (40392840),David Moore,40392840,WR/FLEX,3000,CAR@NYJ 10/19/2025 01:00PM ET,CAR,0.68
WR,Ja'seem Reed (40392842),Ja'seem Reed,40392842,WR/FLEX,3000,CAR@NYJ 10/19/2025 01:00PM ET,CAR,0
WR,Dan Chisena (40392844),Dan Chisena,40392844,WR/FLEX,3000,CAR@NYJ 10/19/2025 01:00PM ET,CAR,0
WR,Ainias Smith (40392846),Ainias Smith,40392846,WR/FLEX,3000,CAR@NYJ 10/19/2025 01:00PM ET,CAR,0
WR,Tyler Johnson (40392848),Tyler Johnson,40392848,WR/FLEX,3000,CAR@NYJ 10/19/2025 01:00PM ET,NYJ,2.06
WR,Brandon Smith (40392850),Brandon Smith,40392850,WR/FLEX,3000,CAR@NYJ 10/19/2025 01:00PM ET,NYJ,0
WR,Isaiah Williams (40392852),Isaiah Williams,40392852,WR/FLEX,3000,CAR@NYJ 10/19/2025 01:00PM ET,NYJ,-0.25
WR,Irvin Charles (40392854),Irvin Charles,40392854,WR/FLEX,3000,CAR@NYJ 10/19/2025 01:00PM ET,NYJ,0
WR,Jamaal Pritchett (40392856),Jamaal Pritchett,40392856,WR/FLEX,3000,CAR@NYJ 10/19/2025 01:00PM ET,NYJ,0
WR,Avery Williams (40392858),Avery Williams,40392858,WR/FLEX,3000,CAR@NYJ 10/19/2025 01:00PM ET,NYJ,0
WR,Quentin Skinner (40392860),Quentin Skinner,40392860,WR/FLEX,3000,CAR@NYJ 10/19/2025 01:00PM ET,NYJ,0
WR,Brycen Tremayne (40392956),Brycen Tremayne,40392956,WR/FLEX,3000,CAR@NYJ 10/19/2025 01:00PM ET,CAR,3.3
WR,Kyle Williams (40392822),Kyle Williams,40392822,WR/FLEX,3000,NE@TEN 10/19/2025 01:00PM ET,NE,0.63
WR,Efton Chism III (40392824),Efton Chism III,40392824,WR/FLEX,3000,NE@TEN 10/19/2025 01:00PM ET,NE,0
WR,Jeremiah Webb (40392826),Jeremiah Webb,40392826,WR/FLEX,3000,NE@TEN 10/19/2025 01:00PM ET,NE,0
WR,John Jiles (40392828),John Jiles,40392828,WR/FLEX,3000,NE@TEN 10/19/2025 01:00PM ET,NE,0
WR,Bryce Oliver (40392830),Bryce Oliver,40392830,WR/FLEX,3000,NE@TEN 10/19/2025 01:00PM ET,TEN,0.9
WR,James Proche II (40392832),James Proche II,40392832,WR/FLEX,3000,NE@TEN 10/19/2025 01:00PM ET,TEN,0
WR,Xavier Restrepo (40392834),Xavier Restrepo,40392834,WR/FLEX,3000,NE@TEN 10/19/2025 01:00PM ET,TEN,0
WR,Mason Kinsey (40392836),Mason Kinsey,40392836,WR/FLEX,3000,NE@TEN 10/19/2025 01:00PM ET,TEN,0
TE,Gunnar Helm (40393006),Gunnar Helm,40393006,TE/FLEX,3000,NE@TEN 10/19/2025 01:00PM ET,TEN,4.05
WR,Gunner Olszewski (40392798),Gunner Olszewski,40392798,WR/FLEX,3000,NYG@DEN 10/19/2025 04:05PM ET,NYG,0
WR,Malik Nabers (40392800),Malik Nabers,40392800,WR/FLEX,3000,NYG@DEN 10/19/2025 04:05PM ET,NYG,15.02
WR,Bryce Ford-Wheaton (40392802),Bryce Ford-Wheaton,40392802,WR/FLEX,3000,NYG@DEN 10/19/2025 04:05PM ET,NYG,0
WR,Da'Quan Felton (40392804),Da'Quan Felton,40392804,WR/FLEX,3000,NYG@DEN 10/19/2025 04:05PM ET,NYG,0
WR,Ihmir Smith-Marsette (40392806),Ihmir Smith-Marsette,40392806,WR/FLEX,3000,NYG@DEN 10/19/2025 04:05PM ET,NYG,0
WR,Dalen Cambre (40392808),Dalen Cambre,40392808,WR/FLEX,3000,NYG@DEN 10/19/2025 04:05PM ET,NYG,0
WR,Pat Bryant (40392810),Pat Bryant,40392810,WR/FLEX,3000,NYG@DEN 10/19/2025 04:05PM ET,DEN,1.33
WR,Trent Sherfield Sr. (40392812),Trent Sherfield Sr.,40392812,WR/FLEX,3000,NYG@DEN 10/19/2025 04:05PM ET,DEN,0.85
WR,Thayer Thomas (40392814),Thayer Thomas,40392814,WR/FLEX,3000,NYG@DEN 10/19/2025 04:05PM ET,DEN,0
WR,Michael Bandy (40392816),Michael Bandy,40392816,WR/FLEX,3000,NYG@DEN 10/19/2025 04:05PM ET,DEN,0
WR,A.T. Perry (40392818),A.T. Perry,40392818,WR/FLEX,3000,NYG@DEN 10/19/2025 04:05PM ET,DEN,0
WR,Samori Toure (40392820),Samori Toure,40392820,WR/FLEX,3000,NYG@DEN 10/19/2025 04:05PM ET,DEN,0
WR,Ashton Dulin (40392738),Ashton Dulin,40392738,WR/FLEX,3000,IND@LAC 10/19/2025 04:05PM ET,IND,1.97
WR,Derius Davis (40392780),Derius Davis,40392780,WR/FLEX,3000,IND@LAC 10/19/2025 04:05PM ET,LAC,-0.17
WR,KeAndre Lambert-Smith (40392782),KeAndre Lambert-Smith,40392782,WR/FLEX,3000,IND@LAC 10/19/2025 04:05PM ET,LAC,0.22
WR,Luke Grimm (40392784),Luke Grimm,40392784,WR/FLEX,3000,IND@LAC 10/19/2025 04:05PM ET,LAC,0
WR,JaQuae Jackson (40392786),JaQuae Jackson,40392786,WR/FLEX,3000,IND@LAC 10/19/2025 04:05PM ET,LAC,0
WR,Jalen Reagor (40392788),Jalen Reagor,40392788,WR/FLEX,3000,IND@LAC 10/19/2025 04:05PM ET,LAC,0
WR,Anthony Gould (40392790),Anthony Gould,40392790,WR/FLEX,3000,IND@LAC 10/19/2025 04:05PM ET,IND,0
WR,D.J. Montgomery (40392792),D.J. Montgomery,40392792,WR/FLEX,3000,IND@LAC 10/19/2025 04:05PM ET,IND,0
WR,Laquon Treadwell (40392794),Laquon Treadwell,40392794,WR/FLEX,3000,IND@LAC 10/19/2025 04:05PM ET,IND,0
WR,Coleman Owen (40392796),Coleman Owen,40392796,WR/FLEX,3000,IND@LAC 10/19/2025 04:05PM ET,IND,0
WR,Xavier Weaver (40392760),Xavier Weaver,40392760,WR/FLEX,3000,GB@ARI 10/19/2025 04:25PM ET,ARI,0
WR,Simi Fehoko (40392762),Simi Fehoko,40392762,WR/FLEX,3000,GB@ARI 10/19/2025 04:25PM ET,ARI,0
WR,Andre Baccellia (40392764),Andre Baccellia,40392764,WR/FLEX,3000,GB@ARI 10/19/2025 04:25PM ET,ARI,0
WR,Tejhaun Palmer (40392766),Tejhaun Palmer,40392766,WR/FLEX,3000,GB@ARI 10/19/2025 04:25PM ET,ARI,0
WR,Malik Heath (40392768),Malik Heath,40392768,WR/FLEX,3000,GB@ARI 10/19/2025 04:25PM ET,GB,1.32
WR,Savion Williams (40392770),Savion Williams,40392770,WR/FLEX,3000,GB@ARI 10/19/2025 04:25PM ET,GB,1.8
WR,Jayden Reed (40392772),Jayden Reed,40392772,WR/FLEX,3000,GB@ARI 10/19/2025 04:25PM ET,GB,6.75
WR,Isaiah Neyor (40392774),Isaiah Neyor,40392774,WR/FLEX,3000,GB@ARI 10/19/2025 04:25PM ET,GB,0
WR,Will Sheppard (40392776),Will Sheppard,40392776,WR/FLEX,3000,GB@ARI 10/19/2025 04:25PM ET,GB,0
WR,Jakobie Keeney-James (40392778),Jakobie Keeney-James,40392778,WR/FLEX,3000,GB@ARI 10/19/2025 04:25PM ET,GB,0
WR,Chris Moore (40392740),Chris Moore,40392740,WR/FLEX,3000,WAS@DAL 10/19/2025 04:25PM ET,WAS,4.68
WR,Tay Martin (40392742),Tay Martin,40392742,WR/FLEX,3000,WAS@DAL 10/19/2025 04:25PM ET,WAS,1.43
WR,Robbie Chosen (40392744),Robbie Chosen,40392744,WR/FLEX,3000,WAS@DAL 10/19/2025 04:25PM ET,WAS,0
WR,Ja'Corey Brooks (40392746),Ja'Corey Brooks,40392746,WR/FLEX,3000,WAS@DAL 10/19/2025 04:25PM ET,WAS,0
WR,Jacoby Jones (40392748),Jacoby Jones,40392748,WR/FLEX,3000,WAS@DAL 10/19/2025 04:25PM ET,WAS,0
WR,Jalen Cropper (40392750),Jalen Cropper,40392750,WR/FLEX,3000,WAS@DAL 10/19/2025 04:25PM ET,DAL,0
WR,Parris Campbell (40392752),Parris Campbell,40392752,WR/FLEX,3000,WAS@DAL 10/19/2025 04:25PM ET,DAL,0
WR,Jonathan Mingo (40392754),Jonathan Mingo,40392754,WR/FLEX,3000,WAS@DAL 10/19/2025 04:25PM ET,DAL,0
WR,Jalen Brooks (40392756),Jalen Brooks,40392756,WR/FLEX,3000,WAS@DAL 10/19/2025 04:25PM ET,DAL,0
WR,Traeshon Holden (40392758),Traeshon Holden,40392758,WR/FLEX,3000,WAS@DAL 10/19/2025 04:25PM ET,DAL,0
TE,Josh Oliver (40393010),Josh Oliver,40393010,TE/FLEX,2900,PHI@MIN 10/19/2025 01:00PM ET,MIN,4.24
TE,Tommy Tremble (40393008),Tommy Tremble,40393008,TE/FLEX,2900,CAR@NYJ 10/19/2025 01:00PM ET,CAR,5.77
DST,Commanders  (40393190),Commanders ,40393190,DST,2900,WAS@DAL 10/19/2025 04:25PM ET,WAS,7
TE,Will Dissly (40393012),Will Dissly,40393012,TE/FLEX,2800,IND@LAC 10/19/2025 04:05PM ET,LAC,2.77
DST,Colts  (40393191),Colts ,40393191,DST,2800,IND@LAC 10/19/2025 04:05PM ET,IND,9.17
TE,John Bates (40393014),John Bates,40393014,TE/FLEX,2800,WAS@DAL 10/19/2025 04:25PM ET,WAS,0.48
DST,Dolphins  (40393192),Dolphins ,40393192,DST,2700,MIA@CLE 10/19/2025 01:00PM ET,MIA,4.33
TE,Noah Gray (40393016),Noah Gray,40393016,TE/FLEX,2700,LV@KC 10/19/2025 01:00PM ET,KC,2.12
TE,Mitchell Evans (40393018),Mitchell Evans,40393018,TE/FLEX,2700,CAR@NYJ 10/19/2025 01:00PM ET,CAR,4.27
DST,Vikings  (40393193),Vikings ,40393193,DST,2600,PHI@MIN 10/19/2025 01:00PM ET,MIN,9.4
DST,Jets  (40393194),Jets ,40393194,DST,2600,CAR@NYJ 10/19/2025 01:00PM ET,NYJ,3
TE,Austin Hooper (40393020),Austin Hooper,40393020,TE/FLEX,2600,NE@TEN 10/19/2025 01:00PM ET,NE,3.08
TE,Nate Adkins (40393022),Nate Adkins,40393022,TE/FLEX,2600,NYG@DEN 10/19/2025 04:05PM ET,DEN,3.2
TE,Foster Moreau (40393164),Foster Moreau,40393164,TE/FLEX,2500,NO@CHI 10/19/2025 01:00PM ET,NO,0.95
TE,Jack Stoll (40393166),Jack Stoll,40393166,TE/FLEX,2500,NO@CHI 10/19/2025 01:00PM ET,NO,1.97
TE,Mason Pline (40393168),Mason Pline,40393168,TE/FLEX,2500,NO@CHI 10/19/2025 01:00PM ET,NO,0
TE,Zach Wood (40393170),Zach Wood,40393170,TE/FLEX,2500,NO@CHI 10/19/2025 01:00PM ET,NO,0
TE,Treyton Welch (40393172),Treyton Welch,40393172,TE/FLEX,2500,NO@CHI 10/19/2025 01:00PM ET,NO,0
TE,Moliki Matavao (40393174),Moliki Matavao,40393174,TE/FLEX,2500,NO@CHI 10/19/2025 01:00PM ET,NO,0
TE,Durham Smythe (40393176),Durham Smythe,40393176,TE/FLEX,2500,NO@CHI 10/19/2025 01:00PM ET,CHI,0
TE,Stephen Carlson (40393178),Stephen Carlson,40393178,TE/FLEX,2500,NO@CHI 10/19/2025 01:00PM ET,CHI,0
TE,Nikola Kalinic (40393180),Nikola Kalinic,40393180,TE/FLEX,2500,NO@CHI 10/19/2025 01:00PM ET,CHI,0
TE,Julian Hill (40393150),Julian Hill,40393150,TE/FLEX,2500,MIA@CLE 10/19/2025 01:00PM ET,MIA,3.1
TE,Tanner Conner (40393152),Tanner Conner,40393152,TE/FLEX,2500,MIA@CLE 10/19/2025 01:00PM ET,MIA,1.95
TE,Jalin Conyers (40393154),Jalin Conyers,40393154,TE/FLEX,2500,MIA@CLE 10/19/2025 01:00PM ET,MIA,0
TE,Hayden Rucci (40393156),Hayden Rucci,40393156,TE/FLEX,2500,MIA@CLE 10/19/2025 01:00PM ET,MIA,0
TE,Greg Dulcich (40393158),Greg Dulcich,40393158,TE/FLEX,2500,MIA@CLE 10/19/2025 01:00PM ET,MIA,0
TE,Blake Whiteheart (40393160),Blake Whiteheart,40393160,TE/FLEX,2500,MIA@CLE 10/19/2025 01:00PM ET,CLE,0.17
TE,Sal Cannella (40393162),Sal Cannella,40393162,TE/FLEX,2500,MIA@CLE 10/19/2025 01:00PM ET,CLE,0
TE,Albert Okwuegbunam Jr. (40393024),Albert Okwuegbunam Jr.,40393024,TE/FLEX,2500,LV@KC 10/19/2025 01:00PM ET,LV,8.6
TE,Ian Thomas (40393136),Ian Thomas,40393136,TE/FLEX,2500,LV@KC 10/19/2025 01:00PM ET,LV,1.07
TE,Carter Runyon (40393138),Carter Runyon,40393138,TE/FLEX,2500,LV@KC 10/19/2025 01:00PM ET,LV,0
TE,Robert Tonyan (40393140),Robert Tonyan,40393140,TE/FLEX,2500,LV@KC 10/19/2025 01:00PM ET,KC,0
TE,Jared Wiley (40393142),Jared Wiley,40393142,TE/FLEX,2500,LV@KC 10/19/2025 01:00PM ET,KC,0
TE,Jake Briningstool (40393144),Jake Briningstool,40393144,TE/FLEX,2500,LV@KC 10/19/2025 01:00PM ET,KC,0
TE,Tre Watson (40393146),Tre Watson,40393146,TE/FLEX,2500,LV@KC 10/19/2025 01:00PM ET,KC,0
TE,James Winchester (40393148),James Winchester,40393148,TE/FLEX,2500,LV@KC 10/19/2025 01:00PM ET,KC,0
TE,Grant Calcaterra (40393116),Grant Calcaterra,40393116,TE/FLEX,2500,PHI@MIN 10/19/2025 01:00PM ET,PHI,1.6
TE,Kylen Granson (40393118),Kylen Granson,40393118,TE/FLEX,2500,PHI@MIN 10/19/2025 01:00PM ET,PHI,0.43
TE,Cameron Latu (40393120),Cameron Latu,40393120,TE/FLEX,2500,PHI@MIN 10/19/2025 01:00PM ET,PHI,0
TE,E.J. Jenkins (40393122),E.J. Jenkins,40393122,TE/FLEX,2500,PHI@MIN 10/19/2025 01:00PM ET,PHI,0
TE,Cal Adomitis (40393124),Cal Adomitis,40393124,TE/FLEX,2500,PHI@MIN 10/19/2025 01:00PM ET,PHI,0
TE,Ben Yurosek (40393126),Ben Yurosek,40393126,TE/FLEX,2500,PHI@MIN 10/19/2025 01:00PM ET,MIN,0
TE,Gavin Bartholomew (40393128),Gavin Bartholomew,40393128,TE/FLEX,2500,PHI@MIN 10/19/2025 01:00PM ET,MIN,0
TE,Bryson Nesbit (40393130),Bryson Nesbit,40393130,TE/FLEX,2500,PHI@MIN 10/19/2025 01:00PM ET,MIN,0
TE,Nick Vannett (40393132),Nick Vannett,40393132,TE/FLEX,2500,PHI@MIN 10/19/2025 01:00PM ET,MIN,0
TE,Andrew DePaola (40393134),Andrew DePaola,40393134,TE/FLEX,2500,PHI@MIN 10/19/2025 01:00PM ET,MIN,0
TE,James Mitchell (40393106),James Mitchell,40393106,TE/FLEX,2500,CAR@NYJ 10/19/2025 01:00PM ET,CAR,1.93
TE,Bryce Pierre (40393108),Bryce Pierre,40393108,TE/FLEX,2500,CAR@NYJ 10/19/2025 01:00PM ET,CAR,0
TE,Jeremy Ruckert (40393110),Jeremy Ruckert,40393110,TE/FLEX,2500,CAR@NYJ 10/19/2025 01:00PM ET,NYJ,3.53
TE,Stone Smartt (40393112),Stone Smartt,40393112,TE/FLEX,2500,CAR@NYJ 10/19/2025 01:00PM ET,NYJ,0
TE,Jelani Woods (40393114),Jelani Woods,40393114,TE/FLEX,2500,CAR@NYJ 10/19/2025 01:00PM ET,NYJ,0
DST,Panthers  (40393195),Panthers ,40393195,DST,2500,CAR@NYJ 10/19/2025 01:00PM ET,CAR,4.5
TE,CJ Dippre (40393096),CJ Dippre,40393096,TE/FLEX,2500,NE@TEN 10/19/2025 01:00PM ET,NE,0
TE,Gee Scott Jr. (40393098),Gee Scott Jr.,40393098,TE/FLEX,2500,NE@TEN 10/19/2025 01:00PM ET,NE,0
TE,David Martin-Robinson (40393100),David Martin-Robinson,40393100,TE/FLEX,2500,NE@TEN 10/19/2025 01:00PM ET,TEN,1.18
TE,Thomas Odukoya (40393102),Thomas Odukoya,40393102,TE/FLEX,2500,NE@TEN 10/19/2025 01:00PM ET,TEN,0
TE,Joel Wilson (40393104),Joel Wilson,40393104,TE/FLEX,2500,NE@TEN 10/19/2025 01:00PM ET,TEN,0
TE,Daniel Bellinger (40393080),Daniel Bellinger,40393080,TE/FLEX,2500,NYG@DEN 10/19/2025 04:05PM ET,NYG,2.58
TE,Chris Manhertz (40393082),Chris Manhertz,40393082,TE/FLEX,2500,NYG@DEN 10/19/2025 04:05PM ET,NYG,0.28
TE,Thomas Fidone II (40393084),Thomas Fidone II,40393084,TE/FLEX,2500,NYG@DEN 10/19/2025 04:05PM ET,NYG,0
TE,Adam Trautman (40393086),Adam Trautman,40393086,TE/FLEX,2500,NYG@DEN 10/19/2025 04:05PM ET,DEN,3.13
TE,Lucas Krull (40393088),Lucas Krull,40393088,TE/FLEX,2500,NYG@DEN 10/19/2025 04:05PM ET,DEN,1.17
TE,Patrick Murtagh (40393090),Patrick Murtagh,40393090,TE/FLEX,2500,NYG@DEN 10/19/2025 04:05PM ET,DEN,0
TE,Caleb Lohner (40393092),Caleb Lohner,40393092,TE/FLEX,2500,NYG@DEN 10/19/2025 04:05PM ET,DEN,0
TE,Mitchell Fraboni (40393094),Mitchell Fraboni,40393094,TE/FLEX,2500,NYG@DEN 10/19/2025 04:05PM ET,DEN,0
TE,Tyler Conklin (40393026),Tyler Conklin,40393026,TE/FLEX,2500,IND@LAC 10/19/2025 04:05PM ET,LAC,2.25
TE,Tucker Fisk (40393066),Tucker Fisk,40393066,TE/FLEX,2500,IND@LAC 10/19/2025 04:05PM ET,LAC,0
TE,Thomas Yassmin (40393068),Thomas Yassmin,40393068,TE/FLEX,2500,IND@LAC 10/19/2025 04:05PM ET,LAC,0
TE,Mo Alie-Cox (40393070),Mo Alie-Cox,40393070,TE/FLEX,2500,IND@LAC 10/19/2025 04:05PM ET,IND,1.23
TE,Drew Ogletree (40393072),Drew Ogletree,40393072,TE/FLEX,2500,IND@LAC 10/19/2025 04:05PM ET,IND,0
TE,Will Mallory (40393074),Will Mallory,40393074,TE/FLEX,2500,IND@LAC 10/19/2025 04:05PM ET,IND,0
TE,Sean McKeon (40393076),Sean McKeon,40393076,TE/FLEX,2500,IND@LAC 10/19/2025 04:05PM ET,IND,0
TE,Maximilian Mang (40393078),Maximilian Mang,40393078,TE/FLEX,2500,IND@LAC 10/19/2025 04:05PM ET,IND,0
TE,Elijah Higgins (40393048),Elijah Higgins,40393048,TE/FLEX,2500,GB@ARI 10/19/2025 04:25PM ET,ARI,2.98
TE,Travis Vokolek (40393050),Travis Vokolek,40393050,TE/FLEX,2500,GB@ARI 10/19/2025 04:25PM ET,ARI,0
TE,Tip Reiman (40393052),Tip Reiman,40393052,TE/FLEX,2500,GB@ARI 10/19/2025 04:25PM ET,ARI,1.2
TE,Nick Muse (40393054),Nick Muse,40393054,TE/FLEX,2500,GB@ARI 10/19/2025 04:25PM ET,ARI,0
TE,Josiah Deguara (40393056),Josiah Deguara,40393056,TE/FLEX,2500,GB@ARI 10/19/2025 04:25PM ET,ARI,0
TE,Luke Musgrave (40393058),Luke Musgrave,40393058,TE/FLEX,2500,GB@ARI 10/19/2025 04:25PM ET,GB,1.98
TE,John FitzPatrick (40393060),John FitzPatrick,40393060,TE/FLEX,2500,GB@ARI 10/19/2025 04:25PM ET,GB,2.08
TE,Ben Sims (40393062),Ben Sims,40393062,TE/FLEX,2500,GB@ARI 10/19/2025 04:25PM ET,GB,0
TE,Josh Whyle (40393064),Josh Whyle,40393064,TE/FLEX,2500,GB@ARI 10/19/2025 04:25PM ET,GB,0
TE,Ben Sinnott (40393028),Ben Sinnott,40393028,TE/FLEX,2500,WAS@DAL 10/19/2025 04:25PM ET,WAS,0.28
TE,Colson Yankoff (40393030),Colson Yankoff,40393030,TE/FLEX,2500,WAS@DAL 10/19/2025 04:25PM ET,WAS,0
TE,Tyree Jackson (40393032),Tyree Jackson,40393032,TE/FLEX,2500,WAS@DAL 10/19/2025 04:25PM ET,WAS,0
TE,Lawrence Cager (40393034),Lawrence Cager,40393034,TE/FLEX,2500,WAS@DAL 10/19/2025 04:25PM ET,WAS,0
TE,Tyler Ott (40393036),Tyler Ott,40393036,TE/FLEX,2500,WAS@DAL 10/19/2025 04:25PM ET,WAS,0
TE,Luke Schoonmaker (40393038),Luke Schoonmaker,40393038,TE/FLEX,2500,WAS@DAL 10/19/2025 04:25PM ET,DAL,1.23
TE,Brevyn Spann-Ford (40393040),Brevyn Spann-Ford,40393040,TE/FLEX,2500,WAS@DAL 10/19/2025 04:25PM ET,DAL,0.42
TE,John Stephens Jr. (40393042),John Stephens Jr.,40393042,TE/FLEX,2500,WAS@DAL 10/19/2025 04:25PM ET,DAL,0
TE,Rivaldo Fairweather (40393044),Rivaldo Fairweather,40393044,TE/FLEX,2500,WAS@DAL 10/19/2025 04:25PM ET,DAL,0
TE,Princeton Fant (40393046),Princeton Fant,40393046,TE/FLEX,2500,WAS@DAL 10/19/2025 04:25PM ET,DAL,0
DST,Cowboys  (40393196),Cowboys ,40393196,DST,2500,WAS@DAL 10/19/2025 04:25PM ET,DAL,2.17
DST,Titans  (40393197),Titans ,40393197,DST,2400,NE@TEN 10/19/2025 01:00PM ET,TEN,4.33
DST,Saints  (40393198),Saints ,40393198,DST,2300,NO@CHI 10/19/2025 01:00PM ET,NO,5.67
DST,Giants  (40393199),Giants ,40393199,DST,2200,NYG@DEN 10/19/2025 04:05PM ET,NYG,3.67
DST,Cardinals  (40393200),Cardinals ,40393200,DST,2100,GB@ARI 10/19/2025 04:25PM ET,ARI,6.17
DST,Raiders  (40393201),Raiders ,40393201,DST,2000,LV@KC 10/19/2025 01:00PM ET,LV,4.83
